PRAGMA foreign_keys=OFF;
BEGIN TRANSACTION;
CREATE TABLE IF NOT EXISTS "django_migrations" ("id" integer NOT NULL PRIMARY KEY AUTOINCREMENT, "app" varchar(255) NOT NULL, "name" varchar(255) NOT NULL, "applied" datetime NOT NULL);
INSERT INTO django_migrations VALUES(1,'contenttypes','0001_initial','2022-02-24 01:14:16.267562');
INSERT INTO django_migrations VALUES(2,'auth','0001_initial','2022-02-24 01:14:16.284234');
INSERT INTO django_migrations VALUES(3,'admin','0001_initial','2022-02-24 01:14:16.298428');
INSERT INTO django_migrations VALUES(4,'admin','0002_logentry_remove_auto_add','2022-02-24 01:14:16.313791');
INSERT INTO django_migrations VALUES(5,'admin','0003_logentry_add_action_flag_choices','2022-02-24 01:14:16.325857');
INSERT INTO django_migrations VALUES(6,'contenttypes','0002_remove_content_type_name','2022-02-24 01:14:16.348952');
INSERT INTO django_migrations VALUES(7,'auth','0002_alter_permission_name_max_length','2022-02-24 01:14:16.364308');
INSERT INTO django_migrations VALUES(8,'auth','0003_alter_user_email_max_length','2022-02-24 01:14:16.376945');
INSERT INTO django_migrations VALUES(9,'auth','0004_alter_user_username_opts','2022-02-24 01:14:16.389117');
INSERT INTO django_migrations VALUES(10,'auth','0005_alter_user_last_login_null','2022-02-24 01:14:16.401010');
INSERT INTO django_migrations VALUES(11,'auth','0006_require_contenttypes_0002','2022-02-24 01:14:16.403441');
INSERT INTO django_migrations VALUES(12,'auth','0007_alter_validators_add_error_messages','2022-02-24 01:14:16.415807');
INSERT INTO django_migrations VALUES(13,'auth','0008_alter_user_username_max_length','2022-02-24 01:14:16.428798');
INSERT INTO django_migrations VALUES(14,'auth','0009_alter_user_last_name_max_length','2022-02-24 01:14:16.442138');
INSERT INTO django_migrations VALUES(15,'auth','0010_alter_group_name_max_length','2022-02-24 01:14:16.456009');
INSERT INTO django_migrations VALUES(16,'auth','0011_update_proxy_permissions','2022-02-24 01:14:16.464111');
INSERT INTO django_migrations VALUES(17,'auth','0012_alter_user_first_name_max_length','2022-02-24 01:14:16.477461');
INSERT INTO django_migrations VALUES(18,'core','0001_initial','2022-02-24 01:14:16.496572');
INSERT INTO django_migrations VALUES(19,'django_rest_passwordreset','0001_initial','2022-02-24 01:14:16.509023');
INSERT INTO django_migrations VALUES(20,'django_rest_passwordreset','0002_pk_migration','2022-02-24 01:14:16.545157');
INSERT INTO django_migrations VALUES(21,'django_rest_passwordreset','0003_allow_blank_and_null_fields','2022-02-24 01:14:16.569689');
INSERT INTO django_migrations VALUES(22,'sessions','0001_initial','2022-02-24 01:14:16.573925');
CREATE TABLE IF NOT EXISTS "auth_group_permissions" ("id" integer NOT NULL PRIMARY KEY AUTOINCREMENT, "group_id" integer NOT NULL REFERENCES "auth_group" ("id") DEFERRABLE INITIALLY DEFERRED, "permission_id" integer NOT NULL REFERENCES "auth_permission" ("id") DEFERRABLE INITIALLY DEFERRED);
CREATE TABLE IF NOT EXISTS "auth_user_groups" ("id" integer NOT NULL PRIMARY KEY AUTOINCREMENT, "user_id" integer NOT NULL REFERENCES "auth_user" ("id") DEFERRABLE INITIALLY DEFERRED, "group_id" integer NOT NULL REFERENCES "auth_group" ("id") DEFERRABLE INITIALLY DEFERRED);
CREATE TABLE IF NOT EXISTS "auth_user_user_permissions" ("id" integer NOT NULL PRIMARY KEY AUTOINCREMENT, "user_id" integer NOT NULL REFERENCES "auth_user" ("id") DEFERRABLE INITIALLY DEFERRED, "permission_id" integer NOT NULL REFERENCES "auth_permission" ("id") DEFERRABLE INITIALLY DEFERRED);
CREATE TABLE IF NOT EXISTS "django_admin_log" ("id" integer NOT NULL PRIMARY KEY AUTOINCREMENT, "action_time" datetime NOT NULL, "object_id" text NULL, "object_repr" varchar(200) NOT NULL, "change_message" text NOT NULL, "content_type_id" integer NULL REFERENCES "django_content_type" ("id") DEFERRABLE INITIALLY DEFERRED, "user_id" integer NOT NULL REFERENCES "auth_user" ("id") DEFERRABLE INITIALLY DEFERRED, "action_flag" smallint unsigned NOT NULL CHECK ("action_flag" >= 0));
CREATE TABLE IF NOT EXISTS "django_content_type" ("id" integer NOT NULL PRIMARY KEY AUTOINCREMENT, "app_label" varchar(100) NOT NULL, "model" varchar(100) NOT NULL);
INSERT INTO django_content_type VALUES(1,'admin','logentry');
INSERT INTO django_content_type VALUES(2,'auth','permission');
INSERT INTO django_content_type VALUES(3,'auth','group');
INSERT INTO django_content_type VALUES(4,'auth','user');
INSERT INTO django_content_type VALUES(5,'contenttypes','contenttype');
INSERT INTO django_content_type VALUES(6,'sessions','session');
INSERT INTO django_content_type VALUES(7,'core','profile');
INSERT INTO django_content_type VALUES(8,'core','apiinfo');
INSERT INTO django_content_type VALUES(9,'django_rest_passwordreset','resetpasswordtoken');
CREATE TABLE IF NOT EXISTS "auth_permission" ("id" integer NOT NULL PRIMARY KEY AUTOINCREMENT, "content_type_id" integer NOT NULL REFERENCES "django_content_type" ("id") DEFERRABLE INITIALLY DEFERRED, "codename" varchar(100) NOT NULL, "name" varchar(255) NOT NULL);
INSERT INTO auth_permission VALUES(1,1,'add_logentry','Can add log entry');
INSERT INTO auth_permission VALUES(2,1,'change_logentry','Can change log entry');
INSERT INTO auth_permission VALUES(3,1,'delete_logentry','Can delete log entry');
INSERT INTO auth_permission VALUES(4,1,'view_logentry','Can view log entry');
INSERT INTO auth_permission VALUES(5,2,'add_permission','Can add permission');
INSERT INTO auth_permission VALUES(6,2,'change_permission','Can change permission');
INSERT INTO auth_permission VALUES(7,2,'delete_permission','Can delete permission');
INSERT INTO auth_permission VALUES(8,2,'view_permission','Can view permission');
INSERT INTO auth_permission VALUES(9,3,'add_group','Can add group');
INSERT INTO auth_permission VALUES(10,3,'change_group','Can change group');
INSERT INTO auth_permission VALUES(11,3,'delete_group','Can delete group');
INSERT INTO auth_permission VALUES(12,3,'view_group','Can view group');
INSERT INTO auth_permission VALUES(13,4,'add_user','Can add user');
INSERT INTO auth_permission VALUES(14,4,'change_user','Can change user');
INSERT INTO auth_permission VALUES(15,4,'delete_user','Can delete user');
INSERT INTO auth_permission VALUES(16,4,'view_user','Can view user');
INSERT INTO auth_permission VALUES(17,5,'add_contenttype','Can add content type');
INSERT INTO auth_permission VALUES(18,5,'change_contenttype','Can change content type');
INSERT INTO auth_permission VALUES(19,5,'delete_contenttype','Can delete content type');
INSERT INTO auth_permission VALUES(20,5,'view_contenttype','Can view content type');
INSERT INTO auth_permission VALUES(21,6,'add_session','Can add session');
INSERT INTO auth_permission VALUES(22,6,'change_session','Can change session');
INSERT INTO auth_permission VALUES(23,6,'delete_session','Can delete session');
INSERT INTO auth_permission VALUES(24,6,'view_session','Can view session');
INSERT INTO auth_permission VALUES(25,7,'add_profile','Can add profile');
INSERT INTO auth_permission VALUES(26,7,'change_profile','Can change profile');
INSERT INTO auth_permission VALUES(27,7,'delete_profile','Can delete profile');
INSERT INTO auth_permission VALUES(28,7,'view_profile','Can view profile');
INSERT INTO auth_permission VALUES(29,8,'add_apiinfo','Can add api info');
INSERT INTO auth_permission VALUES(30,8,'change_apiinfo','Can change api info');
INSERT INTO auth_permission VALUES(31,8,'delete_apiinfo','Can delete api info');
INSERT INTO auth_permission VALUES(32,8,'view_apiinfo','Can view api info');
INSERT INTO auth_permission VALUES(33,9,'add_resetpasswordtoken','Can add Password Reset Token');
INSERT INTO auth_permission VALUES(34,9,'change_resetpasswordtoken','Can change Password Reset Token');
INSERT INTO auth_permission VALUES(35,9,'delete_resetpasswordtoken','Can delete Password Reset Token');
INSERT INTO auth_permission VALUES(36,9,'view_resetpasswordtoken','Can view Password Reset Token');
CREATE TABLE IF NOT EXISTS "auth_group" ("id" integer NOT NULL PRIMARY KEY AUTOINCREMENT, "name" varchar(150) NOT NULL UNIQUE);
CREATE TABLE IF NOT EXISTS "auth_user" ("id" integer NOT NULL PRIMARY KEY AUTOINCREMENT, "password" varchar(128) NOT NULL, "last_login" datetime NULL, "is_superuser" bool NOT NULL, "username" varchar(150) NOT NULL UNIQUE, "last_name" varchar(150) NOT NULL, "email" varchar(254) NOT NULL, "is_staff" bool NOT NULL, "is_active" bool NOT NULL, "date_joined" datetime NOT NULL, "first_name" varchar(150) NOT NULL);
INSERT INTO auth_user VALUES(1,'pbkdf2_sha256$216000$eCe3V8MuxtRl$EjmlzLwnIT8Z/fCoxV/BX8DX3+Ls/Mfjb9tznOHjQkg=','2022-02-24 17:02:41.787910',1,'bco_api_user','','bco@bco.org',1,1,'2022-02-24 01:14:56.855982','');
INSERT INTO auth_user VALUES(2,'pbkdf2_sha256$216000$W9MP8OVHfaJD$ediVeL5xPC56Lcau2EblJrjI5RgBOqUkytz/YWUNNe8=',NULL,0,'testertest','Tester','test@testing.com',0,1,'2022-02-24 12:25:08.969676','Testing');
INSERT INTO auth_user VALUES(3,'pbkdf2_sha256$216000$3NV38UuqCNSn$cM6PBOh7a8wLD0VrmbvM+AoNH4wGUZiHQTmahzHhLGY=',NULL,0,'johndoe','Doe','jdoe@testing.com',0,1,'2022-02-24 12:28:44.194970','John');
INSERT INTO auth_user VALUES(4,'pbkdf2_sha256$216000$FO2vQWrCpG0s$J9pAznaZuLvGn6xf0PU8P8Kk1lAjrGIjc+x0klwEq5g=',NULL,0,'hivelab','Lab','hivelab@testing.com',0,1,'2022-02-24 12:31:15.289219','HIVE');
CREATE TABLE IF NOT EXISTS "core_profile" ("id" integer NOT NULL PRIMARY KEY AUTOINCREMENT, "public" bool NOT NULL, "affiliation" varchar(1000) NOT NULL, "orcid" varchar(1000) NOT NULL, "username_id" integer NOT NULL UNIQUE REFERENCES "auth_user" ("id") DEFERRABLE INITIALLY DEFERRED);
INSERT INTO core_profile VALUES(1,0,'','',2);
INSERT INTO core_profile VALUES(2,0,'','',3);
INSERT INTO core_profile VALUES(3,0,'','',4);
CREATE TABLE IF NOT EXISTS "core_apiinfo" ("id" integer NOT NULL PRIMARY KEY AUTOINCREMENT, "username" varchar(1000) NOT NULL, "hostname" varchar(15) NOT NULL, "human_readable_hostname" varchar(1000) NOT NULL, "public_hostname" varchar(1000) NOT NULL, "token" varchar(1000) NOT NULL, "other_info" text NOT NULL CHECK ((JSON_VALID("other_info") OR "other_info" IS NULL)), "local_username_id" integer NOT NULL REFERENCES "auth_user" ("id") DEFERRABLE INITIALLY DEFERRED);
INSERT INTO core_apiinfo VALUES(1,'test96','127.0.0.1:8000','BCO Server (Default)','http://127.0.0.1:8000','ea7d7f398544c2c7b07bf3fc508ad4ae7c0b00c6','{"permissions": {"user": {}, "groups": {"bco_drafter": {}, "bco_publisher": {"bco": ["add_BCO", "change_BCO", "delete_BCO", "draft_BCO", "publish_BCO", "view_BCO"]}, "test96": {}}}, "account_creation": "2022-02-24 12:25:35.042724+00:00", "account_expiration": ""}',2);
INSERT INTO core_apiinfo VALUES(2,'jdoe66','127.0.0.1:8000','BCO Server (Default)','http://127.0.0.1:8000','96047b0d7f2ca846c5a3b2b0dd2856433ea45022','{"permissions": {"user": {}, "groups": {"bco_drafter": {}, "bco_publisher": {"bco": ["add_BCO", "change_BCO", "delete_BCO", "draft_BCO", "publish_BCO", "view_BCO"]}, "jdoe66": {}}}, "account_creation": "2022-02-24 12:28:57.662763+00:00", "account_expiration": ""}',3);
INSERT INTO core_apiinfo VALUES(3,'hivelab69','127.0.0.1:8000','BCO Server (Default)','http://127.0.0.1:8000','aa30fc0c199c55b88d843b8eee3845893efaab68','{"permissions": {"user": {}, "groups": {"bco_drafter": {}, "bco_publisher": {"bco": ["add_BCO", "change_BCO", "delete_BCO", "draft_BCO", "publish_BCO", "view_BCO"]}, "hivelab69": {}}}, "account_creation": "2022-02-24 12:31:40.262596+00:00", "account_expiration": ""}',3);
INSERT INTO core_apiinfo VALUES(4,'hivelab69','127.0.0.1:8000','BCO Server (Default)','http://127.0.0.1:8000','aa30fc0c199c55b88d843b8eee3845893efaab68','{"permissions": {"user": {}, "groups": {"bco_drafter": {}, "bco_publisher": {"bco": ["add_BCO", "change_BCO", "delete_BCO", "draft_BCO", "publish_BCO", "view_BCO"]}, "hivelab69": {}}}, "account_creation": "2022-02-24T12:31:40.262596Z", "account_expiration": ""}',4);
INSERT INTO core_apiinfo VALUES(5,'bco_api_user','127.0.0.1:8000','BCO Server (Default)','http://127.0.0.1:8000','1102ba0bf414fdffb546c29478baa3b78309f550','{"permissions": {"user": {}, "groups": {"bco_drafter": {}, "bco_publisher": {"bco": ["add_BCO", "change_BCO", "delete_BCO", "draft_BCO", "publish_BCO", "view_BCO"]}, "bco_api_user": {}}}, "account_creation": "2022-02-24T01:13:59.759481Z", "account_expiration": ""}',1);
CREATE TABLE IF NOT EXISTS "django_rest_passwordreset_resetpasswordtoken" ("created_at" datetime NOT NULL, "key" varchar(64) NOT NULL UNIQUE, "ip_address" char(39) NULL, "user_id" integer NOT NULL REFERENCES "auth_user" ("id") DEFERRABLE INITIALLY DEFERRED, "id" integer NOT NULL PRIMARY KEY AUTOINCREMENT, "user_agent" varchar(256) NOT NULL);
CREATE TABLE IF NOT EXISTS "django_session" ("session_key" varchar(40) NOT NULL PRIMARY KEY, "session_data" text NOT NULL, "expire_date" datetime NOT NULL);
INSERT INTO django_session VALUES('oyizexvxbreeke75gqepyzcfjkphzj2m','.eJxVjEEOwiAQRe_C2hCGFgSX7nsGMgyDVA0kpV0Z765NutDtf-_9lwi4rSVsnZcwJ3ERIE6_W0R6cN1BumO9NUmtrssc5a7Ig3Y5tcTP6-H-HRTs5VsbPSJjcgkiADH4wWmTradIzjmvwOchgjZozpytGkdrCKxNSisdiZV4fwDc-Ddm:1nNDE5:2WtfeQJWyiZpl0tuuVXQOjffC1Qq3hkzN7jdqd3DngI','2022-03-10 12:28:05.363156');
INSERT INTO django_session VALUES('wdcpvr7swbg5g8a1incvlf837jngwmeu','.eJxVjEEOwiAQRe_C2hCGFgSX7nsGMgyDVA0kpV0Z765NutDtf-_9lwi4rSVsnZcwJ3ERIE6_W0R6cN1BumO9NUmtrssc5a7Ig3Y5tcTP6-H-HRTs5VsbPSJjcgkiADH4wWmTradIzjmvwOchgjZozpytGkdrCKxNSisdiZV4fwDc-Ddm:1nNHVp:Bo2or44xjWa2oO3qh2T-SG65C9s9k19aFr5SWuOHv0A','2022-03-10 17:02:41.791430');
DELETE FROM sqlite_sequence;
INSERT INTO sqlite_sequence VALUES('django_migrations',22);
INSERT INTO sqlite_sequence VALUES('django_admin_log',0);
INSERT INTO sqlite_sequence VALUES('django_content_type',9);
INSERT INTO sqlite_sequence VALUES('auth_permission',36);
INSERT INTO sqlite_sequence VALUES('auth_group',0);
INSERT INTO sqlite_sequence VALUES('auth_user',4);
INSERT INTO sqlite_sequence VALUES('django_rest_passwordreset_resetpasswordtoken',0);
INSERT INTO sqlite_sequence VALUES('core_profile',3);
INSERT INTO sqlite_sequence VALUES('core_apiinfo',5);
CREATE UNIQUE INDEX "auth_group_permissions_group_id_permission_id_0cd325b0_uniq" ON "auth_group_permissions" ("group_id", "permission_id");
CREATE INDEX "auth_group_permissions_group_id_b120cbf9" ON "auth_group_permissions" ("group_id");
CREATE INDEX "auth_group_permissions_permission_id_84c5c92e" ON "auth_group_permissions" ("permission_id");
CREATE UNIQUE INDEX "auth_user_groups_user_id_group_id_94350c0c_uniq" ON "auth_user_groups" ("user_id", "group_id");
CREATE INDEX "auth_user_groups_user_id_6a12ed8b" ON "auth_user_groups" ("user_id");
CREATE INDEX "auth_user_groups_group_id_97559544" ON "auth_user_groups" ("group_id");
CREATE UNIQUE INDEX "auth_user_user_permissions_user_id_permission_id_14a6b632_uniq" ON "auth_user_user_permissions" ("user_id", "permission_id");
CREATE INDEX "auth_user_user_permissions_user_id_a95ead1b" ON "auth_user_user_permissions" ("user_id");
CREATE INDEX "auth_user_user_permissions_permission_id_1fbb5f2c" ON "auth_user_user_permissions" ("permission_id");
CREATE INDEX "django_admin_log_content_type_id_c4bce8eb" ON "django_admin_log" ("content_type_id");
CREATE INDEX "django_admin_log_user_id_c564eba6" ON "django_admin_log" ("user_id");
CREATE UNIQUE INDEX "django_content_type_app_label_model_76bd3d3b_uniq" ON "django_content_type" ("app_label", "model");
CREATE UNIQUE INDEX "auth_permission_content_type_id_codename_01ab375a_uniq" ON "auth_permission" ("content_type_id", "codename");
CREATE INDEX "auth_permission_content_type_id_2f476e4b" ON "auth_permission" ("content_type_id");
CREATE INDEX "core_apiinfo_local_username_id_a21d8ee0" ON "core_apiinfo" ("local_username_id");
CREATE INDEX "django_rest_passwordreset_resetpasswordtoken_user_id_e8015b11" ON "django_rest_passwordreset_resetpasswordtoken" ("user_id");
CREATE INDEX "django_session_expire_date_a5c62663" ON "django_session" ("expire_date");
COMMIT;
